day,time,Time,type,theme,nbr likes,nbr share,nbr comment,eng,total.eng
Saturday,19:17,Après 19h,video,Identite,615,62,287,964,Engagement très fort
Wednesday,12:42,11h-14h,text+link,Relation,542,9,319,870,Engagement très fort
Friday,19:24,Après 19h,text+video,Identite,601,48,195,844,Engagement très fort
Friday,12:37,11h-14h,text+photo,Administration,859,24,127,1010,Engagement très fort
Saturday,20:19,Après 19h,video,Identite,456,68,147,671,Engagement très fort
Thursday,10:52,9h-11h,text+link+photo,Relation,374,14,113,501,Engagement très fort
Saturday,10:26,9h-11h,text+link,Relation,473,7,87,567,Engagement très fort
Saturday,19:17,Après 19h,video,Identite,382,52,87,521,Engagement très fort
Sunday,17:34,17h-19h,text+link,Relation,339,16,62,417,Engagement très fort
Thursday,11:28,11h-14h,text+video,Identite,2500,265,162,2927,Engagement très fort
Friday,13:37,11h-14h,text+photo,Identite,777,124,42,943,Engagement très fort
Monday,15:28,14h-17h,text+link+photo,Information,274,8,43,325,Engagement très fort
Thursday,7:15,Avant 9h,text+video,Identite,315,30,48,393,Engagement très fort
Wednesday,14:17,14h-17h,text+photo,Identite,343,31,30,404,Engagement très fort
Monday,15:34,14h-17h,text+video,Identite,768,192,67,1027,Engagement très fort
Tuesday,10:56,9h-11h,text+link+video,Relation,620,155,31,806,Engagement très fort
Monday,5:44,Avant 9h,text+link,Relation,435,31,20,486,Engagement très fort
Saturday,22:06,Après 19h,video,Identite,326,27,43,396,Engagement très fort
Tuesday,15:34,14h-17h,text+link+photo,Recherche,1406,86,52,1544,Engagement très fort
Friday,16:58,14h-17h,text+link+photo,Information,270,10,24,304,Engagement très fort
Wednesday,13:25,11h-14h,text+link+photo,Relation,235,38,22,295,Engagement très fort
Wednesday,14:40,14h-17h,text+video,Identite,1300,259,51,1610,Engagement très fort
Tuesday,11:52,11h-14h,text+photo,Relation,280,20,21,321,Engagement très fort
Friday,13:05,11h-14h,photo,Identite,227,6,19,252,Engagement très fort
Saturday,12:00,11h-14h,text+link,Identite,353,50,18,421,Engagement très fort
Thursday,8:26,Avant 9h,text+video,Relation,577,103,33,713,Engagement très fort
Wednesday,20:15,Après 19h,text+link+video,Education,375,25,31,431,Engagement très fort
Thursday,4:16,Avant 9h,text+photo,Identite,677,66,29,772,Engagement très fort
Tuesday,13:11,11h-14h,text+link,Recherche,268,17,24,309,Engagement très fort
Tuesday,12:48,11h-14h,text+link+photo,Recherche,145,15,15,175,Engagement fort
Tuesday,13:28,11h-14h,text+link,Identite,67,3,15,85,Engagement fort
Friday,14:37,14h-17h,text+video,Identite,333,59,39,431,Engagement très fort
Wednesday,14:41,14h-17h,text+photo,Identite,266,10,14,290,Engagement très fort
Wednesday,17:36,17h-19h,text+link+photo,Relation,422,114,28,564,Engagement très fort
Friday,11:37,11h-14h,text+link,Information,1100,29,26,1155,Engagement très fort
Tuesday,13:49,11h-14h,text+photo,Identite,475,24,21,520,Engagement très fort
Tuesday,19:33,Après 19h,text+link,Information,269,42,17,328,Engagement très fort
Thursday,14:43,14h-17h,text+video,Identite,413,70,17,500,Engagement très fort
Wednesday,15:40,14h-17h,text+video,Relation,185,24,14,223,Engagement très fort
Thursday,14:38,14h-17h,text+photo,Relation,279,23,13,315,Engagement très fort
Saturday,10:25,9h-11h,text+photo,Relation,218,9,11,238,Engagement très fort
Monday,14:10,14h-17h,text+link+photo,Relation,80,9,10,99,Engagement fort
Friday,12:00,11h-14h,link,Relation,345,29,17,391,Engagement très fort
Friday,0:35,Avant 9h,text+link+photo,Information,212,6,10,228,Engagement très fort
Tuesday,19:52,Après 19h,text+photo,Relation,228,26,35,289,Engagement très fort
Wednesday,14:24,14h-17h,text+video,Identite,231,26,20,277,Engagement très fort
Monday,12:27,11h-14h,text+link,Identite,311,16,18,345,Engagement très fort
Thursday,12:09,11h-14h,text+link+video,Identite,505,82,16,603,Engagement très fort
Tuesday,10:43,9h-11h,text+video,Identite,131,17,11,159,Engagement fort
Wednesday,11:42,11h-14h,text+photo,Information,315,7,8,330,Engagement très fort
Tuesday,3:57,Avant 9h,text+link+photo,Identite,213,5,20,238,Engagement très fort
Thursday,10:39,9h-11h,text+video,Identite,244,46,17,307,Engagement très fort
Monday,11:33,11h-14h,text+video,Identite,107,34,13,154,Engagement fort
Friday,12:41,11h-14h,text+photo,Relation,341,49,12,402,Engagement très fort
Saturday,15:19,14h-17h,text+link+video,Identite,396,43,12,451,Engagement très fort
Saturday,11:15,11h-14h,text+link+photo,Identite,603,36,12,651,Engagement très fort
Thursday,12:32,11h-14h,text+link,Relation,173,9,10,192,Engagement fort
Thursday,9:55,9h-11h,text+link+photo,Identite,237,6,9,252,Engagement très fort
Saturday,7:23,Avant 9h,text+link,Identite,158,1,8,167,Engagement fort
Friday,11:08,11h-14h,text+link+photo,Relation,133,18,7,158,Engagement fort
Monday,10:11,9h-11h,text+video,Information,90,17,7,114,Engagement fort
Monday,13:03,11h-14h,text+photo,Identite,200,6,43,249,Engagement très fort
Friday,11:11,11h-14h,text+link+photo,Identite,538,63,13,614,Engagement très fort
Thursday,12:58,11h-14h,text+video,Identite,272,51,12,335,Engagement très fort
Thursday,12:00,11h-14h,link,Information,276,14,12,302,Engagement très fort
Saturday,23:12,Après 19h,text+link+photo,Identite,338,14,11,363,Engagement très fort
Tuesday,12:22,11h-14h,text+link+photo,Identite,113,0,7,120,Engagement fort
Tuesday,11:34,11h-14h,text+link+photo,Relation,101,6,7,114,Engagement fort
Tuesday,11:00,9h-11h,text+link,Administration,267,12,141,420,Engagement très fort
Thursday,16:30,14h-17h,text+link,Identite,639,29,35,703,Engagement très fort
Sunday,16:40,14h-17h,text+video,Information,227,11,23,261,Engagement très fort
Tuesday,10:00,9h-11h,text+link,Administration,218,3,14,235,Engagement très fort
Monday,13:52,11h-14h,text+photo,Relation,354,53,11,418,Engagement très fort
Wednesday,16:54,14h-17h,text+link,Information,58,1,9,68,Engagement intermédiaire
Sunday,13:06,11h-14h,text+photo,Identite,274,6,8,288,Engagement très fort
Thursday,22:15,Après 19h,text+photo,Identite,348,13,7,368,Engagement très fort
Wednesday,13:40,11h-14h,text+video,Identite,417,42,72,531,Engagement très fort
Monday,10:56,9h-11h,text+video,Identite,426,52,33,511,Engagement très fort
Sunday,20:35,Après 19h,text+video,Relation,388,32,24,444,Engagement très fort
Tuesday,11:43,11h-14h,text+video,Identite,83,10,9,102,Engagement fort
Tuesday,9:45,9h-11h,text+link+video,Identite,162,30,9,201,Engagement très fort
Thursday,12:35,11h-14h,text+video,Relation,114,9,9,132,Engagement fort
Tuesday,10:34,9h-11h,photo,Identite,328,5,8,341,Engagement très fort
Tuesday,0:52,Avant 9h,text+photo,Relation,367,19,7,393,Engagement très fort
Monday,3:27,Avant 9h,text+link+photo,Identite,121,10,7,138,Engagement fort
Wednesday,10:10,9h-11h,text+link,Relation,205,10,7,222,Engagement très fort
Monday,11:33,11h-14h,text+link+photo,Identite,53,4,7,64,Engagement intermédiaire
Saturday,8:00,Avant 9h,text+photo,Relation,357,22,6,385,Engagement très fort
Friday,10:55,9h-11h,text+link+photo,Information,80,7,5,92,Engagement fort
Wednesday,12:52,11h-14h,text+video,Identite,300,43,5,348,Engagement très fort
Thursday,10:31,9h-11h,text+link+photo,Recherche,85,4,4,93,Engagement fort
Tuesday,11:38,11h-14h,text+link+photo,Information,48,8,4,60,Engagement intermédiaire
Friday,20:56,Après 19h,link,Relation,117,2,4,123,Engagement fort
Thursday,17:57,17h-19h,text+photo,Identite,315,10,4,329,Engagement très fort
Friday,1:49,Avant 9h,text+link,Identite,207,25,20,252,Engagement très fort
Friday,5:23,Avant 9h,text+link,Relation,290,38,13,341,Engagement très fort
Monday,10:45,9h-11h,text+photo,Relation,498,131,11,640,Engagement très fort
Friday,23:07,Après 19h,text+link+photo,Identite,311,19,9,339,Engagement très fort
Thursday,13:18,11h-14h,text+link,Administration,70,4,7,81,Engagement fort
Monday,16:28,14h-17h,video,Identite,64,16,7,87,Engagement fort
Tuesday,1:15,Avant 9h,text+photo,Relation,82,8,6,96,Engagement fort
Tuesday,4:35,Avant 9h,text+link+photo,Identite,68,3,5,76,Engagement intermédiaire
Friday,12:01,11h-14h,text+link+photo,Identite,141,8,5,154,Engagement fort
Tuesday,20:08,Après 19h,text+link,Relation,89,9,5,103,Engagement fort
Thursday,9:29,9h-11h,text+photo,Relation,196,22,4,222,Engagement très fort
Wednesday,15:55,14h-17h,text+link,Identite,325,17,4,346,Engagement très fort
Wednesday,14:03,14h-17h,link,Identite,128,11,4,143,Engagement fort
Friday,17:17,17h-19h,text+video,Identite,83,11,4,98,Engagement fort
Friday,19:03,Après 19h,link,Identite,166,2,4,172,Engagement fort
Monday,9:24,9h-11h,text+link+photo,Identite,57,5,4,66,Engagement intermédiaire
Wednesday,9:31,9h-11h,text+link ,Identite,105,10,4,119,Engagement fort
Wednesday,15:29,14h-17h,text+link+photo,Identite,100,9,3,112,Engagement fort
Friday,14:44,14h-17h,text+photo,Identite,86,25,3,114,Engagement fort
Thursday,13:30,11h-14h,text+photo,Information,169,3,3,175,Engagement fort
Monday,11:09,11h-14h,text+photo,Identite,159,11,3,173,Engagement fort
Tuesday,13:33,11h-14h,text+link,Identite,37,1,3,41,Engagement intermédiaire
Friday,14:28,14h-17h,text+photo,Identite,116,8,3,127,Engagement fort
Friday,14:48,14h-17h,link,Identite,125,3,3,131,Engagement fort
Friday,19:32,Après 19h,text+link,Relation,24,0,3,27,engagement faible
Wednesday,1:12,Avant 9h,text+link+photo,Identite,383,33,3,419,Engagement très fort
Tuesday,19:13,Après 19h,text+video,Identite,60,11,3,74,Engagement intermédiaire
Friday,18:45,17h-19h,text+link,Identite,264,43,94,401,Engagement très fort
Wednesday,13:42,11h-14h,text+photo,Identite,271,18,7,296,Engagement très fort
Wednesday,13:43,11h-14h,text+video,Identite,140,18,7,165,Engagement fort
Monday,14:58,14h-17h,text+link+photo,Information,101,2,6,109,Engagement fort
Monday,9:43,9h-11h,text+link,Relation,118,3,6,127,Engagement fort
Wednesday,14:03,14h-17h,text+video,Administration,174,33,6,213,Engagement très fort
Friday,15:48,14h-17h,text+link+video,Education,51,7,6,64,Engagement intermédiaire
Friday,14:11,14h-17h,text+photo,Identite,147,8,6,161,Engagement fort
Tuesday,21:53,Après 19h,text+link+photo,Identite,292,7,5,304,Engagement très fort
Friday,16:21,14h-17h,text+link+photo,Identite,75,3,5,83,Engagement fort
Thursday,16:01,14h-17h,text+link+photo,Identite,109,7,4,120,Engagement fort
Thursday,9:15,9h-11h,text+link+video,Identite,41,2,4,47,Engagement intermédiaire
Wednesday,17:42,17h-19h,text+link+photo,Information,245,4,4,253,Engagement très fort
Friday,9:36,9h-11h,text+video ,Relation,138,74,4,216,Engagement très fort
Friday,22:26,Après 19h,text+video,Relation,369,85,3,457,Engagement très fort
Monday,15:27,14h-17h,text+link+photo,Information,48,5,3,56,Engagement intermédiaire
Thursday,14:46,14h-17h,text+link+photo,Identite,147,11,3,161,Engagement fort
Wednesday,15:05,14h-17h,text+link+photo,Identite,166,3,3,172,Engagement fort
Thursday,11:04,11h-14h,text+link+photo,Identite,28,8,3,39,Engagement intermédiaire
Wednesday,10:34,9h-11h,text+link+photo,Information,84,8,3,95,Engagement fort
Thursday,14:51,14h-17h,link,Relation,100,11,3,114,Engagement fort
Monday,20:22,Après 19h,text+link+video,Identite,125,33,3,161,Engagement fort
Friday,16:18,14h-17h,text+photo,Information,335,18,3,356,Engagement très fort
Tuesday,8:11,Avant 9h,text+photo,Information,182,12,3,197,Engagement fort
Friday,9:48,9h-11h,text+photo,Relation,33,6,3,42,Engagement intermédiaire
Tuesday,9:58,9h-11h,text+photo,Identite,145,3,3,151,Engagement fort
Thursday,11:19,11h-14h,text+photo,Identite,38,1,3,42,Engagement intermédiaire
Wednesday,10:35,9h-11h,text+photo,Identite,40,2,3,45,Engagement intermédiaire
Saturday,9:28,9h-11h,text+link,Identite,37,0,3,40,Engagement intermédiaire
Friday,13:52,11h-14h,text+link+photo,Information,41,3,2,46,Engagement intermédiaire
Monday,4:08,Avant 9h,text+photo,Identite,101,5,2,108,Engagement fort
Thursday,8:05,Avant 9h,text+photo,Relation,138,13,2,153,Engagement fort
Friday,10:17,9h-11h,text+video,Identite,106,45,2,153,Engagement fort
Monday,15:22,14h-17h,text+link+photo,Identite,97,19,2,118,Engagement fort
Friday,15:36,14h-17h,text+photo,Relation,132,5,2,139,Engagement fort
Thursday,12:44,11h-14h,text+photo,Identite,127,23,2,152,Engagement fort
Monday,12:57,11h-14h,text+link,Relation,118,7,2,127,Engagement fort
Monday,8:44,Avant 9h,text+link+photo,Identite,91,4,2,97,Engagement fort
Friday,12:23,11h-14h, link,Identite,19,0,2,21,engagement faible
Wednesday,8:13,Avant 9h,text,Administration,58,1,2,61,Engagement intermédiaire
Tuesday,8:41,Avant 9h,text+photo,Identite,96,12,2,110,Engagement fort
Saturday,8:01,Avant 9h,text+photo,Identite,79,4,2,85,Engagement fort
Friday,14:15,14h-17h,text+photo,Identite,44,7,2,53,Engagement intermédiaire
Friday,12:58,11h-14h,text+photo,Identite,34,2,2,38,Engagement intermédiaire
Friday,17:41,17h-19h,link,Identite,86,4,2,92,Engagement fort
Tuesday,9:19,9h-11h,link,Identite,205,6,2,213,Engagement très fort
Tuesday,8:32,Avant 9h,text+photo,Identite,29,12,2,43,Engagement intermédiaire
Monday,9:46,9h-11h,text+photo,Identite,80,29,2,111,Engagement fort
Thursday,14:45,14h-17h,text+photo,Identite,90,1,2,93,Engagement fort
Wednesday,16:37,14h-17h,text+photo,Information,172,3,2,177,Engagement fort
Friday,13:16,11h-14h,text+link+photo,Identite,52,2,2,56,Engagement intermédiaire
Thursday,20:20,Après 19h,text+link,Identite,90,2,2,94,Engagement fort
Friday,9:48,9h-11h,text+link,Identite,82,1,2,85,Engagement fort
Tuesday,19:48,Après 19h,text+video,Identite,49,15,2,66,Engagement intermédiaire
Thursday,15:17,14h-17h,text+video,Identite,370,98,25,493,Engagement très fort
Sunday,20:08,Après 19h,text+link,Administration,23,1,11,35,Engagement intermédiaire
Wednesday,17:50,17h-19h,text+photo,Identite,88,1,10,99,Engagement fort
Wednesday,15:22,14h-17h,text+video,Identite,151,9,9,169,Engagement fort
Wednesday,15:00,14h-17h,text+link,Education,420,38,7,465,Engagement très fort
Tuesday,20:00,Après 19h,text+photo,Information,117,6,6,129,Engagement fort
Wednesday,5:17,Avant 9h,text+video,Recherche,32,8,5,45,Engagement intermédiaire
Friday,14:28,14h-17h,text+link+photo,Administration,22,5,5,32,Engagement intermédiaire
Wednesday,9:43,9h-11h,text+video,Identite,268,51,5,324,Engagement très fort
Monday,18:00,17h-19h,text+link,Relation,94,12,5,111,Engagement fort
Saturday,11:09,11h-14h,text+photo ,Identite,24,12,5,41,Engagement intermédiaire
Wednesday,17:15,17h-19h,text+link+photo,Information,66,3,4,73,Engagement intermédiaire
Tuesday,13:32,11h-14h,text+link+photo,Identite,174,14,4,192,Engagement fort
Friday,7:53,Avant 9h,text+video,Identite,110,17,4,131,Engagement fort
Wednesday,12:46,11h-14h,text+link,Information,83,11,4,98,Engagement fort
Wednesday,13:06,11h-14h,text+video,Information,82,9,4,95,Engagement fort
Tuesday,8:25,Avant 9h,link,Identite,117,2,4,123,Engagement fort
Wednesday,13:38,11h-14h,text+video,Identite,67,9,4,80,Engagement intermédiaire
Wednesday,10:33,9h-11h,text+photo,Information,195,7,4,206,Engagement très fort
Friday,14:14,14h-17h,text+video,Identite,54,7,3,64,Engagement intermédiaire
Monday,14:22,14h-17h,text+link+photo,Information,53,3,3,59,Engagement intermédiaire
Wednesday,12:07,11h-14h,text+link+photo,Identite,185,9,3,197,Engagement fort
Sunday,13:01,11h-14h,text+photo,Relation,146,1,3,150,Engagement fort
Tuesday,15:33,14h-17h,text+link+video,Education,27,1,3,31,Engagement intermédiaire
Thursday,9:03,9h-11h,text+photo,Administration,25,3,3,31,Engagement intermédiaire
Wednesday,12:21,11h-14h,text+photo,Identite,40,4,3,47,Engagement intermédiaire
Friday,15:44,14h-17h,text+link,Administration,86,6,3,95,Engagement fort
Thursday,23:08,Après 19h,text+link,Identite,35,1,3,39,Engagement intermédiaire
Monday,11:00,9h-11h,text+link+photo,Identite,91,3,2,96,Engagement fort
Wednesday,14:08,14h-17h,text+link+photo,Identite,67,3,2,72,Engagement intermédiaire
Wednesday,12:25,11h-14h,text+link+photo,Identite,49,3,2,54,Engagement intermédiaire
Thursday,10:46,9h-11h,text+video,Identite,62,6,2,70,Engagement intermédiaire
Wednesday,16:22,14h-17h,text+link+photo,Identite,77,4,2,83,Engagement fort
Wednesday,11:52,11h-14h,text+link,Relation,141,3,2,146,Engagement fort
Wednesday,9:48,9h-11h,text+photo,Identite,79,3,2,84,Engagement fort
Friday,9:59,9h-11h,text+photo,Relation,125,47,2,174,Engagement fort
Friday,8:40,Avant 9h,link,Identite,52,2,2,56,Engagement intermédiaire
Tuesday,9:51,9h-11h,text+link+video,Education,19,0,2,21,engagement faible
Friday,10:51,9h-11h,text+photo,Relation,86,3,2,91,Engagement fort
Tuesday,10:41,9h-11h,text+link,Identite,38,3,2,43,Engagement intermédiaire
Tuesday,19:00,17h-19h,video,Identite,153,3,2,158,Engagement fort
Tuesday,13:55,11h-14h,text+video,Identite,84,4,2,90,Engagement fort
Tuesday,22:10,Après 19h,text+link,Identite,69,6,2,77,Engagement intermédiaire
Wednesday,14:31,14h-17h,text+link+photo,Identite,67,2,2,71,Engagement intermédiaire
Tuesday,19:04,Après 19h,text+link+photo,Identite,22,3,2,27,engagement faible
Friday,13:20,11h-14h,text+link+photo,Recherche,51,3,1,55,Engagement intermédiaire
Monday,16:32,14h-17h,text+link+photo,Identite,60,2,1,63,Engagement intermédiaire
Tuesday,12:26,11h-14h,text+photo,Identite,157,14,1,172,Engagement fort
Wednesday,18:48,17h-19h,text+photo,Relation,209,27,1,237,Engagement très fort
Monday,13:01,11h-14h,text+link+photo,Identite,56,0,1,57,Engagement intermédiaire
Saturday,22:51,Après 19h,photo,Identite,187,1,1,189,Engagement fort
Monday,15:30,14h-17h,text+link+photo,Identite,54,17,1,72,Engagement intermédiaire
Friday,14:49,14h-17h,text+link+photo,Identite,103,18,1,122,Engagement fort
Thursday,19:14,Après 19h,text+link,Information,67,26,1,94,Engagement fort
Thursday,16:17,14h-17h,text+link+photo,Identite,30,10,1,41,Engagement intermédiaire
Friday,15:10,14h-17h,text+link+photo,Identite,109,11,1,121,Engagement fort
Friday,15:26,14h-17h,text+link+photo,Identite,68,6,1,75,Engagement intermédiaire
Tuesday,7:56,Avant 9h,photo,Identite,52,0,1,53,Engagement intermédiaire
Friday,15:43,14h-17h,text+photo,Identite,76,8,1,85,Engagement fort
Friday,22:59,Après 19h,text+photo,Information,126,8,1,135,Engagement fort
Thursday,12:00,11h-14h,text+link+photo,Recherche,82,11,1,94,Engagement fort
Tuesday,10:37,9h-11h,text+link+photo,Identite,32,4,1,37,Engagement intermédiaire
Monday,11:43,11h-14h,text+photo,Identite,17,7,1,25,engagement faible
Thursday,11:21,11h-14h,link,Identite,102,7,1,110,Engagement fort
Wednesday,14:37,14h-17h,text+photo,Identite,40,21,1,62,Engagement intermédiaire
Tuesday,13:30,11h-14h,text+link,Education,4,0,1,5,pas d'engagement
Tuesday,10:19,9h-11h,text+photo,Education,9,0,1,10,pas d'engagement
Tuesday,8:07,Avant 9h,text+link,Information,221,9,1,231,Engagement très fort
Friday,13:07,11h-14h,text+photo,Identite,67,1,1,69,Engagement intermédiaire
Friday,13:50,11h-14h,text+photo,Identite,170,10,1,181,Engagement fort
Tuesday,11:32,11h-14h,text+video,Identite,40,3,1,44,Engagement intermédiaire
Thursday,8:49,Avant 9h,text+link+photo,Identite,16,0,1,17,engagement faible
Tuesday,15:21,14h-17h,text+photo,Identite,22,0,1,23,engagement faible
Wednesday,12:37,11h-14h,text+link,Relation,86,13,1,100,Engagement fort
Friday,11:08,11h-14h,text+link,Identite,57,5,1,63,Engagement intermédiaire
Monday,9:10,9h-11h,text+photo,Relation,76,2,1,79,Engagement intermédiaire
Wednesday,16:40,14h-17h,link,Relation,74,0,1,75,Engagement intermédiaire
Wednesday,12:00,11h-14h,text+photo,Identite,117,1,1,119,Engagement fort
Monday,8:41,Avant 9h,link,Identite,64,1,1,66,Engagement intermédiaire
Thursday,10:32,9h-11h,text+video,Identite,156,12,1,169,Engagement fort
Wednesday,13:00,11h-14h,link,Identite,38,0,1,39,Engagement intermédiaire
Wednesday,21:34,Après 19h,link,Identite,52,1,1,54,Engagement intermédiaire
Tuesday,12:55,11h-14h,link,Identite,60,1,1,62,Engagement intermédiaire
Tuesday,15:37,14h-17h,text+photo,Identite,32,17,1,50,Engagement intermédiaire
Thursday,15:38,14h-17h,text+link+photo,Relation,24,0,1,25,engagement faible
Tuesday,11:00,9h-11h,link,Identite,65,2,1,68,Engagement intermédiaire
Monday,9:24,9h-11h,text+photo,Identite,24,7,1,32,Engagement intermédiaire
Monday,9:14,9h-11h,text+photo,Identite,224,3,1,228,Engagement très fort
Thursday,12:13,11h-14h,text+link,Identite,63,3,1,67,Engagement intermédiaire
Wednesday,12:26,11h-14h,text+photo,Identite,26,2,1,29,engagement faible
Thursday,11:22,11h-14h,text+link,Identite,33,3,1,37,Engagement intermédiaire
Tuesday,11:25,11h-14h,text+link,Identite,23,0,1,24,engagement faible
Saturday,23:10,Après 19h,text+link,Identite,54,1,1,56,Engagement intermédiaire
Friday,19:27,Après 19h,text+photo,Identite,23,0,1,24,engagement faible
Tuesday,19:30,Après 19h,text+link,Identite,30,0,1,31,Engagement intermédiaire
Wednesday,22:30,Après 19h,text+link,Identite,26,0,1,27,engagement faible
Thursday,16:14,14h-17h,text+link,Identite,138,4,1,143,Engagement fort
Wednesday,14:14,14h-17h,text+link ,Information,288,15,1,304,Engagement très fort
Thursday,11:18,11h-14h,link,Identite,47,2,0,49,Engagement intermédiaire
Friday,12:52,11h-14h,text+link,Administration,105,3,75,183,Engagement fort
Friday,16:00,14h-17h,text+link+photo,Education,92,22,68,182,Engagement fort
Tuesday,18:53,17h-19h,text+link ,Administration,455,47,64,566,Engagement très fort
Tuesday,14:22,14h-17h,text+link,Information,100,8,55,163,Engagement fort
Wednesday,10:56,9h-11h,text+link,Administration,126,9,44,179,Engagement fort
Monday,13:39,11h-14h,text+link,Information,111,9,36,156,Engagement fort
Saturday,17:00,14h-17h,text+link+photo,Administration,63,2,33,98,Engagement fort
Tuesday,16:39,14h-17h,text+photo,Relation,64,2,26,92,Engagement fort
Friday,13:34,11h-14h,text+link,Administration,40,12,25,77,Engagement intermédiaire
Monday,11:50,11h-14h,text+link,Administration,64,18,21,103,Engagement fort
Tuesday,20:58,Après 19h,text+link,Identite,77,13,18,108,Engagement fort
Tuesday,14:15,14h-17h,text+link,Identite,52,5,17,74,Engagement intermédiaire
Friday,11:06,11h-14h,text+link,Identite,35,3,16,54,Engagement intermédiaire
Tuesday,14:42,14h-17h,text+link,Administration,62,4,16,82,Engagement fort
Friday,12:38,11h-14h,text+link,Identite,112,8,15,135,Engagement fort
Thursday,13:01,11h-14h,text+link,Administration,80,4,15,99,Engagement fort
Thursday,20:00,Après 19h,text+link ,Identite,78,39,14,131,Engagement fort
Tuesday,17:21,17h-19h,text+link ,Identite,256,2,12,270,Engagement très fort
Wednesday,23:59,Après 19h,text+link,Administration,44,3,11,58,Engagement intermédiaire
Friday,10:50,9h-11h,text+link,Administration,42,3,9,54,Engagement intermédiaire
Thursday,14:58,14h-17h,text+link,Administration,44,6,8,58,Engagement intermédiaire
Tuesday,14:28,14h-17h,text+link,Administration,35,4,8,47,Engagement intermédiaire
Saturday,14:18,14h-17h,link,Identite,62,0,8,70,Engagement intermédiaire
Monday,23:22,Après 19h,text+link,Identite,171,10,8,189,Engagement fort
Sunday,10:25,9h-11h,text+link ,Identite,385,23,8,416,Engagement très fort
Thursday,8:47,Avant 9h,text+link,Identite,71,4,7,82,Engagement fort
Wednesday,0:54,Avant 9h,video,Identite,94,4,7,105,Engagement fort
Thursday,10:55,9h-11h,text+link+photo,Identite,44,1,6,51,Engagement intermédiaire
Wednesday,13:21,11h-14h,text+link,Administration,28,6,6,40,Engagement intermédiaire
Tuesday,16:50,14h-17h,text+link,Administration,91,6,6,103,Engagement fort
Tuesday,7:53,Avant 9h,text+video,Information,55,3,6,64,Engagement intermédiaire
Monday,1:46,Avant 9h,text+link,Administration,71,6,6,83,Engagement fort
Tuesday,13:18,11h-14h,text+link,Identite,180,7,6,193,Engagement fort
Monday,16:21,14h-17h,text+link,Administration,32,3,5,40,Engagement intermédiaire
Friday,15:42,14h-17h,text+link,Recherche,79,4,5,88,Engagement fort
Thursday,12:38,11h-14h,text+link,Identite,28,0,5,33,Engagement intermédiaire
Sunday,19:53,Après 19h,video,Information,149,14,5,168,Engagement fort
Tuesday,16:40,14h-17h,text+photo,Identite,40,3,5,48,Engagement intermédiaire
Monday,12:39,11h-14h,text+link,Administration,41,0,4,45,Engagement intermédiaire
Wednesday,23:20,Après 19h,text+link,Relation,113,5,4,122,Engagement fort
Wednesday,10:47,9h-11h,text+link,Identite,73,13,4,90,Engagement fort
Thursday,11:09,11h-14h,text+link,Information,76,5,4,85,Engagement fort
Thursday,10:15,9h-11h,text+link,Administration,50,8,4,62,Engagement intermédiaire
Tuesday,22:32,Après 19h,text+link,Identite,74,5,4,83,Engagement fort
Tuesday,8:48,Avant 9h,text+photo,Identite,80,4,4,88,Engagement fort
Saturday,12:11,11h-14h,text+photo ,Administration,218,14,4,236,Engagement très fort
Tuesday,5:16,Avant 9h,text+video,Recherche,25,3,3,31,Engagement intermédiaire
Thursday,13:05,11h-14h,text+link,Administration,48,2,3,53,Engagement intermédiaire
Saturday,11:44,11h-14h,text+link,Administration,33,1,3,37,Engagement intermédiaire
Tuesday,8:27,Avant 9h,text+link+photo,Administration,21,3,3,27,engagement faible
Monday,13:03,11h-14h,text+link,Administration,19,2,3,24,engagement faible
Thursday,22:19,Après 19h,text+link,Education,31,2,3,36,Engagement intermédiaire
Friday,11:00,9h-11h,text+link,Administration,44,1,3,48,Engagement intermédiaire
Wednesday,9:20,9h-11h,text+link,Education,32,5,3,40,Engagement intermédiaire
Saturday,11:00,9h-11h,text+link,Administration,44,2,3,49,Engagement intermédiaire
Monday,17:15,17h-19h,text+link,Administration,20,1,3,24,engagement faible
Wednesday,15:00,14h-17h,text+link,Administration,41,6,3,50,Engagement intermédiaire
Friday,9:29,9h-11h,text+photo,Identite,53,10,3,66,Engagement intermédiaire
Monday,12:49,11h-14h,text+photo,Identite,278,14,3,295,Engagement très fort
Friday,13:36,11h-14h,video,Identite,28,5,3,36,Engagement intermédiaire
Thursday,10:37,9h-11h,text+link+photo,Identite,23,5,3,31,Engagement intermédiaire
Tuesday,10:23,9h-11h,text+link+photo,Education,22,3,3,28,engagement faible
Monday,11:54,11h-14h,text+link+video,Education,31,3,2,36,Engagement intermédiaire
Friday,11:26,11h-14h,text+link,Administration,34,2,2,38,Engagement intermédiaire
Friday,16:26,14h-17h,text+link,Information,43,1,2,46,Engagement intermédiaire
Friday,13:41,11h-14h,text+link+photo,Administration,53,8,2,63,Engagement intermédiaire
Thursday,10:54,9h-11h,text+video,Identite,35,6,2,43,Engagement intermédiaire
Monday,9:35,9h-11h,text+link,Identite,25,1,2,28,engagement faible
Monday,15:43,14h-17h,text+link,Relation,151,13,2,166,Engagement fort
Wednesday,10:34,9h-11h,text+photo,Identite,39,8,2,49,Engagement intermédiaire
Wednesday,3:44,Avant 9h,text+link+photo,Administration,12,0,2,14,engagement faible
Monday,10:03,9h-11h,text+link,Identite,37,0,2,39,Engagement intermédiaire
Thursday,8:26,Avant 9h,text+photo,Identite,100,14,2,116,Engagement fort
Friday,13:21,11h-14h,text+link,Administration,26,3,2,31,Engagement intermédiaire
Wednesday,13:55,11h-14h,text+link+photo,Relation,71,3,2,76,Engagement intermédiaire
Tuesday,18:38,17h-19h,text+link,Identite,27,2,2,31,Engagement intermédiaire
Friday,10:46,9h-11h,text+link,Administration,27,1,2,30,engagement faible
Tuesday,20:58,Après 19h,text+link,Administration,42,2,2,46,Engagement intermédiaire
Wednesday,18:27,17h-19h,text+link,Identite,13,1,2,16,engagement faible
Wednesday,17:30,17h-19h,text+link+photo,Identite,23,0,2,25,engagement faible
Sunday,16:00,14h-17h,text+link,Identite,26,3,2,31,Engagement intermédiaire
Thursday,17:06,17h-19h,text+video,Identite,46,4,1,51,Engagement intermédiaire
Friday,15:39,14h-17h,text+link+photo,Identite,86,5,1,92,Engagement fort
Tuesday,13:25,11h-14h,text+link+photo,Identite,68,2,1,71,Engagement intermédiaire
Saturday,11:39,11h-14h,text+video,Identite,18,1,1,20,engagement faible
Tuesday,3:20,Avant 9h,text+link+photo,Identite,86,3,1,90,Engagement fort
Monday,16:17,14h-17h,text+link+photo,Identite,71,1,1,73,Engagement intermédiaire
Wednesday,13:22,11h-14h,text+link+photo,Identite,46,4,1,51,Engagement intermédiaire
Wednesday,11:51,11h-14h,text+video,Identite,42,5,1,48,Engagement intermédiaire
Thursday,5:18,Avant 9h,text+video,Recherche,20,3,1,24,engagement faible
Wednesday,15:23,14h-17h,text+link+photo,Identite,34,1,1,36,Engagement intermédiaire
Monday,14:22,14h-17h,text+link+photo,Identite,32,2,1,35,Engagement intermédiaire
Monday,22:24,Après 19h,text+link+photo,Information,41,1,1,43,Engagement intermédiaire
Tuesday,10:53,9h-11h,text+photo,Identite,47,3,1,51,Engagement intermédiaire
Monday,9:30,9h-11h,text+link+video,Identite,40,3,1,44,Engagement intermédiaire
Saturday,8:05,Avant 9h,text+link,Identite,58,19,1,78,Engagement intermédiaire
Thursday,14:22,14h-17h,text+link+photo,Administration,14,0,1,15,engagement faible
Friday,20:26,Après 19h,text+photo,Identite,7,0,1,8,pas d'engagement
Friday,10:59,9h-11h,text+link,Identite,72,18,1,91,Engagement fort
Thursday,9:41,9h-11h,photo,Identite,62,1,1,64,Engagement intermédiaire
Wednesday,13:47,11h-14h,text+photo,Identite,66,6,1,73,Engagement intermédiaire
Monday,12:09,11h-14h,text+link+photo,Identite,64,11,1,76,Engagement intermédiaire
Friday,14:36,14h-17h,text+photo,Education,12,2,1,15,engagement faible
Friday,13:04,11h-14h,text+photo,Identite,8,5,1,14,engagement faible
Tuesday,11:22,11h-14h,text+photo,Identite,38,2,1,41,Engagement intermédiaire
Thursday,13:04,11h-14h,text+photo,Administration,21,0,1,22,engagement faible
Monday,10:58,9h-11h,photo,Identite,68,0,1,69,Engagement intermédiaire
Wednesday,10:24,9h-11h,text+video,Identite,176,14,1,191,Engagement fort
Friday,14:21,14h-17h,text+photo,Identite,70,7,1,78,Engagement intermédiaire
Wednesday,11:20,11h-14h,text+link+photo,Identite,19,3,1,23,engagement faible
Saturday,16:30,14h-17h,text+link,Administration,22,0,1,23,engagement faible
Saturday,16:28,14h-17h,text+link,Administration,13,1,1,15,engagement faible
Thursday,14:59,14h-17h,text+link,Administration,29,4,1,34,Engagement intermédiaire
Wednesday,19:51,Après 19h,link,Identite,21,0,1,22,engagement faible
Thursday,11:00,9h-11h,text+link,Administration,4,0,1,5,pas d'engagement
Thursday,10:30,9h-11h,text+link,Administration,16,1,1,18,engagement faible
Wednesday,4:38,Avant 9h,text+link,Administration,21,5,1,27,engagement faible
Tuesday,8:48,Avant 9h,text+photo,Relation,62,5,1,68,Engagement intermédiaire
Thursday,16:56,14h-17h,text+link+photo,Relation,60,5,1,66,Engagement intermédiaire
Wednesday,14:43,14h-17h,text+link,Administration,33,4,1,38,Engagement intermédiaire
Tuesday,9:52,9h-11h,text+link,Identite,18,0,1,19,engagement faible
Tuesday,12:04,11h-14h,text,Information,49,5,1,55,Engagement intermédiaire
Friday,12:03,11h-14h,text+photo,Identite,51,0,1,52,Engagement intermédiaire
Wednesday,9:37,9h-11h,text+link,Identite,74,3,1,78,Engagement intermédiaire
Sunday,10:20,9h-11h,text+video,Identite,25,5,1,31,Engagement intermédiaire
Friday,16:41,14h-17h,text+link,Information,116,16,1,133,Engagement fort
Wednesday,14:48,14h-17h,text+photo,Identite,62,19,1,82,Engagement fort
Friday,14:33,14h-17h,text+link,Administration,37,3,1,41,Engagement intermédiaire
Wednesday,13:27,11h-14h,text+video,Identite,70,12,1,83,Engagement fort
Monday,12:03,11h-14h,text+video,Identite,35,0,1,36,Engagement intermédiaire
Friday,22:59,Après 19h,text+photo,Identite,39,2,1,42,Engagement intermédiaire
Wednesday,12:18,11h-14h,text+photo,Identite,99,15,1,115,Engagement fort
Thursday,2:25,Avant 9h,text+video,Identite,103,13,1,117,Engagement fort
Thursday,7:32,Avant 9h,text+photo,Information,102,2,1,105,Engagement fort
Friday,11:25,11h-14h,text+video,Relation,22,2,1,25,engagement faible
Friday,11:00,9h-11h,text+photo,Identite,12,0,1,13,engagement faible
Friday,17:39,17h-19h,text+link ,Identite,18,18,1,37,Engagement intermédiaire
Thursday,11:52,11h-14h,text+link ,Identite,43,2,1,46,Engagement intermédiaire
Wednesday,18:08,17h-19h,text+photo ,Identite,75,5,1,81,Engagement fort
Tuesday,14:09,14h-17h,text+link,Identite,46,2,1,49,Engagement intermédiaire
Monday,16:50,14h-17h,text+link,Identite,31,0,1,32,Engagement intermédiaire
Saturday,11:15,11h-14h,text+link ,Identite,50,13,1,64,Engagement intermédiaire
Monday,16:32,14h-17h,text+link+photo,Identite,23,3,1,27,engagement faible
Thursday,8:49,Avant 9h,text+link,Administration,8,0,1,9,pas d'engagement
Tuesday,19:17,Après 19h,text+link ,Identite,81,8,1,90,Engagement fort
Monday,13:06,11h-14h,text+link,Identite,43,3,1,47,Engagement intermédiaire
Sunday,10:07,9h-11h,text+link,Identite,78,9,1,88,Engagement fort
Sunday,12:32,11h-14h,text+link,Identite,37,3,1,41,Engagement intermédiaire
Monday,16:54,14h-17h,text+link+photo,Information,57,4,0,61,Engagement intermédiaire
Monday,15:49,14h-17h,link,Identite,18,0,0,18,engagement faible
Thursday,10:50,9h-11h,link,Identite,57,0,0,57,Engagement intermédiaire
Thursday,12:09,11h-14h,text+link+photo,Identite,58,2,0,60,Engagement intermédiaire
Wednesday,10:10,9h-11h,text+link,Identite,33,1,0,34,Engagement intermédiaire
Tuesday,10:05,9h-11h,text+link+video,Identite,28,0,0,28,engagement faible
Friday,9:15,9h-11h,text+link+video,Identite,22,0,0,22,engagement faible
Tuesday,15:41,14h-17h,text+link+photo,Identite,58,4,0,62,Engagement intermédiaire
Friday,12:42,11h-14h,video,Identite,55,0,0,55,Engagement intermédiaire
Friday,12:02,11h-14h,link,Identite,14,0,0,14,engagement faible
Wednesday,17:50,17h-19h,text+link+photo,Information,53,2,0,55,Engagement intermédiaire
Monday,12:41,11h-14h,video,Identite,132,2,0,134,Engagement fort
Wednesday,21:23,Après 19h,text+photo,Relation,150,11,0,161,Engagement fort
Friday,13:35,11h-14h,text+link,Identite,9,0,0,9,pas d'engagement
Wednesday,14:18,14h-17h,text+photo,Identite,64,12,0,76,Engagement intermédiaire
Wednesday,10:21,9h-11h,text+link,Identite,16,4,0,20,engagement faible
Tuesday,12:04,11h-14h,text+link+photo,Identite,46,6,0,52,Engagement intermédiaire
Monday,13:06,11h-14h,text+photo,Identite,85,5,0,90,Engagement fort
Monday,12:50,11h-14h,text+link+photo,Identite,19,10,0,29,engagement faible
Friday,15:40,14h-17h,text,Administration,13,2,0,15,engagement faible
Friday,10:06,9h-11h,text+photo,Identite,6,0,0,6,pas d'engagement
Tuesday,13:53,11h-14h,text+link+photo,Identite,82,12,0,94,Engagement fort
Friday,13:51,11h-14h,link,Identite,38,0,0,38,Engagement intermédiaire
Friday,11:09,11h-14h,text+photo,Identite,15,1,0,16,engagement faible
Thursday,14:05,14h-17h,text+link+photo,Identite,44,12,0,56,Engagement intermédiaire
Wednesday,14:44,14h-17h,text+link+photo,Administration,15,1,0,16,engagement faible
Wednesday,13:44,11h-14h,text+photo,Identite,58,7,0,65,Engagement intermédiaire
Tuesday,12:30,11h-14h,text+link+photo,Identite,21,6,0,27,engagement faible
Tuesday,8:09,Avant 9h,text+link,Identite,11,0,0,11,engagement faible
Monday,15:42,14h-17h,text+link,Information,76,13,0,89,Engagement fort
Monday,13:52,11h-14h,text+link+photo,Administration,22,0,0,22,engagement faible
Monday,9:25,9h-11h,text+photo,Information,102,7,0,109,Engagement fort
Friday,22:24,Après 19h,link,Identite,5,0,0,5,pas d'engagement
Thursday,14:02,14h-17h,text+link+photo,Recherche,38,14,0,52,Engagement intermédiaire
Wednesday,15:25,14h-17h,video,Identite,40,7,0,47,Engagement intermédiaire
Wednesday,12:49,11h-14h,text+link+photo,Administration,17,7,0,24,engagement faible
Tuesday,11:02,11h-14h,link,Identite,5,0,0,5,pas d'engagement
Monday,11:14,11h-14h,link,Administration,18,4,0,22,engagement faible
Monday,11:04,11h-14h,link,Identite,7,0,0,7,pas d'engagement
Friday,10:31,9h-11h,text+photo,Identite,10,0,0,10,pas d'engagement
Wednesday,10:55,9h-11h,link,Identite,21,1,0,22,engagement faible
Thursday,12:34,11h-14h,text+photo,Identite,34,1,0,35,Engagement intermédiaire
Wednesday,14:24,14h-17h,text+photo,Identite,96,1,0,97,Engagement fort
Wednesday,10:52,9h-11h,text+link,Identite,8,0,0,8,pas d'engagement
Wednesday,10:47,9h-11h,text+link,Administration,9,0,0,9,pas d'engagement
Friday,15:16,14h-17h,text+link,Administration,6,0,0,6,pas d'engagement
Friday,15:08,14h-17h,text,Administration,15,3,0,18,engagement faible
Wednesday,14:00,11h-14h,text+link,Administration,22,2,0,24,engagement faible
Wednesday,9:49,9h-11h,text+link,Administration,8,2,0,10,pas d'engagement
Tuesday,15:59,14h-17h,text+link+photo,Identite,77,28,0,105,Engagement fort
Tuesday,15:24,14h-17h,text+link+photo,Identite,82,26,0,108,Engagement fort
Tuesday,14:45,14h-17h,photo,Identite,56,4,0,60,Engagement intermédiaire
Tuesday,14:00,11h-14h,text+video,Administration,68,19,0,87,Engagement fort
Tuesday,10:08,9h-11h,text+photo,Identite,20,5,0,25,engagement faible
Tuesday,9:18,9h-11h,text+link+photo,Identite,84,2,0,86,Engagement fort
Friday,10:17,9h-11h,text+link+photo,Administration,31,9,0,40,Engagement intermédiaire
Wednesday,11:36,11h-14h,text+link+photo,Education,34,11,0,45,Engagement intermédiaire
Wednesday,10:57,9h-11h,text+link,Identite,10,0,0,10,pas d'engagement
Monday,11:55,11h-14h,text+photo,Identite,29,10,0,39,Engagement intermédiaire
Monday,8:57,Avant 9h,text+photo,Administration,184,14,0,198,Engagement fort
Friday,16:18,14h-17h,text+link+photo,Identite,97,16,0,113,Engagement fort
Thursday,1:25,Avant 9h,text+link+photo,Identite,19,2,0,21,engagement faible
Thursday,1:04,Avant 9h,text,Administration,9,1,0,10,pas d'engagement
Thursday,9:55,9h-11h,text+photo,Information,77,8,0,85,Engagement fort
Wednesday,11:48,11h-14h,link,Identite,1,0,0,1,pas d'engagement
Wednesday,9:18,9h-11h,text+photo,Identite,51,2,0,53,Engagement intermédiaire
Tuesday,9:18,9h-11h,text+link+photo,Identite,65,4,0,69,Engagement intermédiaire
Monday,10:36,9h-11h,text+photo,Identite,27,9,0,36,Engagement intermédiaire
Friday,12:20,11h-14h,text+link+photo,Identite,45,11,0,56,Engagement intermédiaire
Friday,11:46,11h-14h,text+link+photo,Identite,81,19,0,100,Engagement fort
Thursday,13:07,11h-14h,text+photo,Administration,19,0,0,19,engagement faible
Wednesday,10:12,9h-11h,text+link+photo,Information,26,11,0,37,Engagement intermédiaire
Wednesday,9:59,9h-11h,text,Administration,10,1,0,11,engagement faible
Tuesday,1:26,Avant 9h,text+link+photo,Information,63,11,0,74,Engagement intermédiaire
Monday,12:49,11h-14h,text+link+video,Identite,39,32,0,71,Engagement intermédiaire
Monday,10:08,9h-11h,text+photo,Identite,70,4,0,74,Engagement intermédiaire
Friday,13:35,11h-14h,text+photo,Identite,14,0,0,14,engagement faible
Friday,13:35,11h-14h,text,Administration,14,1,0,15,engagement faible
Wednesday,13:51,11h-14h,text+link+photo,Identite,57,9,0,66,Engagement intermédiaire
Wednesday,13:29,11h-14h,photo,Identite,34,3,0,37,Engagement intermédiaire
Tuesday,10:33,9h-11h,photo,Identite,28,0,0,28,engagement faible
Monday,10:54,9h-11h,text+photo,Identite,50,16,0,66,Engagement intermédiaire
Friday,10:15,9h-11h,text+link,Information,24,2,0,26,engagement faible
Wednesday,12:00,11h-14h,photo,Identite,32,1,0,33,Engagement intermédiaire
Monday,15:11,14h-17h,text+photo,Identite,44,5,0,49,Engagement intermédiaire
Friday,15:32,14h-17h, link,Identite,33,0,0,33,Engagement intermédiaire
Thursday,20:49,Après 19h,text+photo,Identite,30,1,0,31,Engagement intermédiaire
Wednesday,14:48,14h-17h,text+photo,Information,92,5,0,97,Engagement fort
Wednesday,10:11,9h-11h,text+link+photo,Identite,18,0,0,18,engagement faible
Monday,12:17,11h-14h,text+photo,Identite,20,2,0,22,engagement faible
Monday,9:36,9h-11h,text+link+photo,Identite,50,2,0,52,Engagement intermédiaire
Friday,11:38,11h-14h,text+photo,Identite,23,0,0,23,engagement faible
Thursday,13:21,11h-14h,text+photo,Identite,13,1,0,14,engagement faible
Thursday,8:31,Avant 9h,text+link,Education,2,0,0,2,pas d'engagement
Wednesday,10:55,9h-11h,text+photo,Education,27,2,0,29,engagement faible
Tuesday,16:12,14h-17h,link,Identite,7,0,0,7,pas d'engagement
Tuesday,11:54,11h-14h,link,Identite,7,0,0,7,pas d'engagement
Monday,15:15,14h-17h,text+photo,Identite,27,16,0,43,Engagement intermédiaire
Monday,10:10,9h-11h,text+link,Education,2,0,0,2,pas d'engagement
Thursday,9:48,9h-11h,text+link+photo,Identite,44,3,0,47,Engagement intermédiaire
Tuesday,12:41,11h-14h,text+link+photo,Identite,44,1,0,45,Engagement intermédiaire
Friday,8:37,Avant 9h,text+link+photo,Identite,36,5,0,41,Engagement intermédiaire
Thursday,10:08,9h-11h,text+link,Education,8,2,0,10,pas d'engagement
Wednesday,9:44,9h-11h,link,Identite,14,0,0,14,engagement faible
Wednesday,9:51,9h-11h,text+link,Education,4,0,0,4,pas d'engagement
Tuesday,11:15,11h-14h,text+photo,Identite,14,2,0,16,engagement faible
Tuesday,8:08,Avant 9h,text+photo,Education,1,0,0,1,pas d'engagement
Wednesday,9:57,9h-11h, link,Identite,11,0,0,11,engagement faible
Wednesday,8:26,Avant 9h,text+link,Identite,5,0,0,5,pas d'engagement
Monday,9:07,9h-11h,text+link,Identite,9,1,0,10,pas d'engagement
Friday,9:47,9h-11h,text+link,Identite,5,1,0,6,pas d'engagement
Wednesday,10:57,9h-11h,text+link,Education,9,0,0,9,pas d'engagement
Tuesday,7:55,Avant 9h,text+video,Identite,20,2,0,22,engagement faible
Wednesday,10:52,9h-11h,text+photo,Identite,22,0,0,22,engagement faible
Friday,13:06,11h-14h, link,Identite,22,0,0,22,engagement faible
Tuesday,9:44,9h-11h,text+photo,Administration,48,5,0,53,Engagement intermédiaire
Tuesday,10:05,9h-11h,text+link,Administration,44,2,0,46,Engagement intermédiaire
Monday,12:49,11h-14h,text+link,Education,24,0,0,24,engagement faible
Thursday,12:46,11h-14h,text+photo,Identite,170,31,0,201,Engagement très fort
Thursday,10:57,9h-11h,text+link+photo,Identite,12,0,0,12,engagement faible
Tuesday,10:12,9h-11h,text+photo,Identite,64,2,0,66,Engagement intermédiaire
Thursday,15:31,14h-17h,text+link+photo,Identite,14,2,0,16,engagement faible
Wednesday,15:54,14h-17h,text+link+photo,Identite,45,2,0,47,Engagement intermédiaire
Wednesday,8:14,Avant 9h, link,Identite,32,1,0,33,Engagement intermédiaire
Tuesday,8:11,Avant 9h,text+link+photo,Identite,24,1,0,25,engagement faible
Monday,15:17,14h-17h,text+photo,Identite,37,2,0,39,Engagement intermédiaire
Monday,11:51,11h-14h, link,Identite,22,0,0,22,engagement faible
Saturday,12:59,11h-14h,text+link+photo,Identite,12,2,0,14,engagement faible
Friday,9:12,9h-11h,text+photo,Identite,87,1,0,88,Engagement fort
Monday,20:42,Après 19h,text+video,Relation,87,3,0,90,Engagement fort
Thursday,15:30,14h-17h,text+link+photo,Identite,49,0,0,49,Engagement intermédiaire
Thursday,12:26,11h-14h, link,Identite,23,0,0,23,engagement faible
Thursday,11:39,11h-14h,text+photo,Identite,64,1,0,65,Engagement intermédiaire
Wednesday,9:15,9h-11h,text+photo,Identite,30,6,0,36,Engagement intermédiaire
Tuesday,8:05,Avant 9h,text+photo,Identite,24,0,0,24,engagement faible
Saturday,9:24,9h-11h,text+photo,Identite,127,7,0,134,Engagement fort
Saturday,18:10,17h-19h,text+photo,Identite,56,2,0,58,Engagement intermédiaire
Friday,8:38,Avant 9h,link,Identite,14,0,0,14,engagement faible
Monday,9:14,9h-11h,text+link+photo,Identite,20,0,0,20,engagement faible
Wednesday,14:28,14h-17h,text+photo,Identite,15,0,0,15,engagement faible
Tuesday,12:18,11h-14h,text+photo,Identite,43,0,0,43,Engagement intermédiaire
Tuesday,9:36,9h-11h,text+link,Identite,13,0,0,13,engagement faible
Tuesday,8:03,Avant 9h,photo,Identite,53,3,0,56,Engagement intermédiaire
Monday,8:33,Avant 9h,text+photo,Identite,11,0,0,11,engagement faible
Friday,13:44,11h-14h,text+link,Administration,30,0,0,30,engagement faible
Friday,11:22,11h-14h,text+link,Administration,58,1,0,59,Engagement intermédiaire
Friday,9:10,9h-11h,text+photo,Identite,11,0,0,11,engagement faible
Thursday,15:38,14h-17h,link,Identite,33,0,0,33,Engagement intermédiaire
Wednesday,16:07,14h-17h,text+photo,Administration,8,0,0,8,pas d'engagement
Wednesday,12:30,11h-14h,text+photo,Education,2,0,0,2,pas d'engagement
Wednesday,9:15,9h-11h,text+photo,Identite,11,0,0,11,engagement faible
Monday,11:52,11h-14h,text+link+photo,Identite,16,1,0,17,engagement faible
Sunday,9:14,9h-11h,text+link,Identite,32,1,0,33,Engagement intermédiaire
Wednesday,14:59,14h-17h,text+link,Administration,14,4,0,18,engagement faible
Thursday,10:27,9h-11h,text+link+photo,Relation,82,3,0,85,Engagement fort
Tuesday,19:52,Après 19h,text+link,Information,20,1,0,21,engagement faible
Friday,8:26,Avant 9h,text+link,Administration,30,3,0,33,Engagement intermédiaire
Tuesday,13:26,11h-14h,text+link,Identite,12,1,0,13,engagement faible
Saturday,16:56,14h-17h,text+link,Administration,28,1,0,29,engagement faible
Saturday,16:32,14h-17h,text+link,Administration,21,1,0,22,engagement faible
Friday,11:27,11h-14h,text+link,Information,32,0,0,32,Engagement intermédiaire
Thursday,14:52,14h-17h,text+link,Identite,44,0,0,44,Engagement intermédiaire
Tuesday,14:46,14h-17h,text+link,Administration,26,1,0,27,engagement faible
Monday,14:15,14h-17h,text+link,Identite,9,2,0,11,engagement faible
Friday,13:31,11h-14h,text+link,Administration,24,3,0,27,engagement faible
Friday,12:12,11h-14h,text+link,Identite,16,0,0,16,engagement faible
Thursday,16:22,14h-17h,photo,Relation,74,9,0,83,Engagement fort
Friday,15:32,14h-17h,text+link,Administration,17,0,0,17,engagement faible
Thursday,14:28,14h-17h,text+link,Identite,23,4,0,27,engagement faible
Wednesday,12:10,11h-14h,text+photo,Identite,138,1,0,139,Engagement fort
Tuesday,14:47,14h-17h,text+link,Identite,15,2,0,17,engagement faible
Thursday,23:35,Après 19h,text+link,Identite,34,0,0,34,Engagement intermédiaire
Saturday,17:48,17h-19h,text+link,Identite,25,0,0,25,engagement faible
Tuesday,19:36,Après 19h,text+link,Identite,49,0,0,49,Engagement intermédiaire
Friday,13:00,11h-14h,text+link,Identite,59,5,0,64,Engagement intermédiaire
Tuesday,21:18,Après 19h,text+link,Administration,20,0,0,20,engagement faible
Tuesday,13:54,11h-14h,text+link,Administration,19,2,0,21,engagement faible
Tuesday,13:47,11h-14h,text+link,Information,21,0,0,21,engagement faible
Tuesday,12:48,11h-14h,text+link,Information,12,0,0,12,engagement faible
Tuesday,11:31,11h-14h,text+link+photo,Relation,63,5,0,68,Engagement intermédiaire
Saturday,10:59,9h-11h,text+link,Administration,29,2,0,31,Engagement intermédiaire
Friday,18:09,17h-19h,text+link,Administration,9,0,0,9,pas d'engagement
Thursday,15:02,14h-17h,text+link,Identite,21,0,0,21,engagement faible
Wednesday,16:31,14h-17h,text+link,Administration,7,0,0,7,pas d'engagement
Monday,12:11,11h-14h,text+link,Information,22,1,0,23,engagement faible
Friday,12:54,11h-14h,text+link,Identite,14,1,0,15,engagement faible
Friday,23:48,Après 19h,text+link,Identite,10,4,0,14,engagement faible
Friday,10:32,9h-11h,text+link,Identite,32,0,0,32,Engagement intermédiaire
Friday,15:00,14h-17h,text+link,Identite,164,10,0,174,Engagement fort
Tuesday,19:00,17h-19h,text+photo,Information,33,1,0,34,Engagement intermédiaire
Tuesday,11:30,11h-14h,text+link,Identite,40,3,0,43,Engagement intermédiaire
Friday,10:48,9h-11h,text+link,Identite,25,0,0,25,engagement faible
Monday,19:00,17h-19h,text+link,Identite,13,0,0,13,engagement faible
Sunday,9:49,9h-11h,text+photo,Relation,51,3,0,54,Engagement intermédiaire
Monday,14:42,14h-17h,text+photo,Identite,16,7,0,23,engagement faible
Saturday,19:38,Après 19h,text+link+photo,Identite,96,7,0,103,Engagement fort
Saturday,14:24,14h-17h,link,Identite,42,0,0,42,Engagement intermédiaire
Friday,16:53,14h-17h,text+link,Identite,17,1,0,18,engagement faible
Tuesday,18:29,17h-19h,text+link,Information,100,17,0,117,Engagement fort
Tuesday,15:07,14h-17h,text+link,Information,94,12,0,106,Engagement fort
Tuesday,23:26,Après 19h,text+photo,Identite,29,10,0,39,Engagement intermédiaire
Sunday,7:12,Avant 9h,video,Identite,22,2,0,24,engagement faible
Friday,22:41,Après 19h,text+video,Identite,22,8,0,30,engagement faible
Thursday,15:45,14h-17h,text+video,Identite,24,4,0,28,engagement faible
Monday,15:39,14h-17h,text+photo,Identite,18,1,0,19,engagement faible
Monday,12:17,11h-14h,text+photo,Administration,12,2,0,14,engagement faible
Friday,13:07,11h-14h,text+link,Identite,7,4,0,11,engagement faible
Monday,11:26,11h-14h,text+photo,Identite,9,0,0,9,pas d'engagement
Saturday,9:54,9h-11h,text+link,Identite,16,0,0,16,engagement faible
Friday,16:13,14h-17h,text+photo,Identite,9,2,0,11,engagement faible
Friday,8:36,Avant 9h,text+link,Identite,40,6,0,46,Engagement intermédiaire
Tuesday,18:57,17h-19h,video,Identite,5,0,0,5,pas d'engagement
Tuesday,11:36,11h-14h,text+photo,Identite,20,4,0,24,engagement faible
Sunday,20:20,Après 19h,text+link,Identite,34,0,0,34,Engagement intermédiaire
Monday,12:40,11h-14h,text+link,Relation,49,3,0,52,Engagement intermédiaire
Friday,12:07,11h-14h,text+link,Identite,117,26,0,143,Engagement fort
Sunday,18:00,17h-19h,text+link,Relation,48,2,0,50,Engagement intermédiaire
Thursday,12:00,11h-14h,text+photo,Information,162,9,0,171,Engagement fort
Sunday,14:00,11h-14h,text+photo,Relation,42,2,0,44,Engagement intermédiaire
Wednesday,8:41,Avant 9h,text+photo,Relation,42,6,0,48,Engagement intermédiaire
Friday,15:52,14h-17h,text+video,Relation,41,7,0,48,Engagement intermédiaire
Monday,12:09,11h-14h,text+photo,Identite,73,1,0,74,Engagement intermédiaire
Tuesday,6:50,Avant 9h,text+video,Identite,75,28,0,103,Engagement fort
Wednesday,13:27,11h-14h,text+link+photo,Identite,30,5,0,35,Engagement intermédiaire
Wednesday,9:00,Avant 9h,text+video,Identite,191,38,0,229,Engagement très fort
Friday,7:55,Avant 9h,text+link+photo,Identite,61,1,0,62,Engagement intermédiaire
Monday,2:08,Avant 9h,text+link+photo,Identite,43,7,0,50,Engagement intermédiaire
Friday,8:17,Avant 9h,text+video,Relation,31,0,0,31,Engagement intermédiaire
Saturday,12:09,11h-14h,text+photo,Information,191,8,0,199,Engagement fort
Saturday,11:24,11h-14h,link,Identite,42,1,0,43,Engagement intermédiaire
Tuesday,15:00,14h-17h,text+photo,Identite,57,5,0,62,Engagement intermédiaire
Thursday,9:47,9h-11h,text+photo,Information,122,4,0,126,Engagement fort
Tuesday,11:12,11h-14h,text+photo,Identite,43,2,0,45,Engagement intermédiaire
Monday,13:32,11h-14h,text+photo,Identite,36,4,0,40,Engagement intermédiaire
Monday,11:04,11h-14h,text+photo,Identite,45,5,0,50,Engagement intermédiaire
Friday,12:56,11h-14h,text+link,Identite,39,7,0,46,Engagement intermédiaire
Tuesday,19:31,Après 19h,text+photo,Identite,40,3,0,43,Engagement intermédiaire
Wednesday,14:03,14h-17h,text+link,Identite,15,0,0,15,engagement faible
Tuesday,15:16,14h-17h,text+link,Identite,49,0,0,49,Engagement intermédiaire
Monday,18:38,17h-19h,text+link,Identite,19,0,0,19,engagement faible
Monday,13:39,11h-14h,text+link+photo,Identite,36,4,0,40,Engagement intermédiaire
Sunday,19:59,Après 19h,text+link,Identite,34,5,0,39,Engagement intermédiaire
Saturday,17:23,17h-19h,text+link,Identite,11,1,0,12,engagement faible
Friday,15:06,14h-17h,text+link,Identite,14,0,0,14,engagement faible
Friday,10:14,9h-11h,text+link+photo,Identite,27,2,0,29,engagement faible
Thursday,15:38,14h-17h,text+link,Administration,35,14,0,49,Engagement intermédiaire
Thursday,14:29,14h-17h,text+link,Identite,39,0,0,39,Engagement intermédiaire
Wednesday,12:05,11h-14h,text+link,Identite,26,1,0,27,engagement faible
Monday,19:37,Après 19h,text+link,Relation,21,0,0,21,engagement faible
Monday,7:12,Avant 9h,text+link,Identite,11,2,0,13,engagement faible
Monday,8:30,Avant 9h,text+photo,Identite,21,0,0,21,engagement faible
Sunday,19:54,Après 19h,text+link+photo,Identite,13,1,0,14,engagement faible
Sunday,9:19,9h-11h,text+link,Identite,20,0,0,20,engagement faible
Saturday,20:31,Après 19h,text+link+photo,Identite,33,2,0,35,Engagement intermédiaire
Saturday,20:31,Après 19h,text+photo,Identite,12,1,0,13,engagement faible
Thursday,17:17,17h-19h,text+link,Identite,38,0,0,38,Engagement intermédiaire
Thursday,12:23,11h-14h,text+link ,Identite,20,0,0,20,engagement faible
Thursday,9:00,Avant 9h,text+link ,Identite,36,1,0,37,Engagement intermédiaire
Wednesday,15:11,14h-17h,text+photo,Identite,34,0,0,34,Engagement intermédiaire
Wednesday,13:15,11h-14h,text+link,Identite,58,2,0,60,Engagement intermédiaire
Tuesday,14:30,14h-17h,text+link,Information,21,0,0,21,engagement faible
Tuesday,12:44,11h-14h,text+link+photo,Identite,48,9,0,57,Engagement intermédiaire
Monday,10:22,9h-11h,text+link+photo,Identite,25,2,0,27,engagement faible
Sunday,18:01,17h-19h,text+link,Identite,12,0,0,12,engagement faible
Saturday,11:03,11h-14h,text+photo,Identite,8,1,0,9,pas d'engagement
Friday,17:39,17h-19h,text+photo,Identite,47,2,0,49,Engagement intermédiaire
Friday,6:09,Avant 9h,text+link,Identite,42,0,0,42,Engagement intermédiaire
Wednesday,13:54,11h-14h,text+link,Identite,34,2,0,36,Engagement intermédiaire
Tuesday,16:05,14h-17h,text+link ,Information,225,41,0,266,Engagement très fort
Sunday,10:25,9h-11h,text+photo ,Identite,20,2,0,22,engagement faible
Saturday,16:50,14h-17h,text+link,Identite,57,3,0,60,Engagement intermédiaire
Friday,9:49,9h-11h,text+link,Identite,8,0,0,8,pas d'engagement
Tuesday,15:52,14h-17h,text+link,Relation,21,0,0,21,engagement faible
Wednesday,12:12,11h-14h,text+link+photo,Identite,51,8,0,59,Engagement intermédiaire
Wednesday,9:00,Avant 9h,text+photo,Identite,10,1,0,11,engagement faible
Tuesday,10:21,9h-11h,text+photo,Identite,14,3,0,17,engagement faible
Tuesday,20:00,Après 19h,text+photo,Information,73,11,0,84,Engagement fort
Monday,8:36,Avant 9h,text+link+photo,Identite,24,9,0,33,Engagement intermédiaire
Sunday,19:01,Après 19h,text+link,Identite,10,0,0,10,pas d'engagement
Sunday,11:07,11h-14h,text+link+photo,Identite,21,6,0,27,engagement faible
Saturday,18:46,17h-19h,text+link,Identite,31,2,0,33,Engagement intermédiaire
Friday,15:00,14h-17h,text+link,Identite,20,0,0,20,engagement faible
Friday,12:22,11h-14h,text+photo,Identite,13,0,0,13,engagement faible
Thursday,15:37,14h-17h,text+photo ,Identite,15,0,0,15,engagement faible
Monday,8:30,Avant 9h,text+video,Relation,13,3,0,16,engagement faible
Wednesday,9:24,9h-11h,text+link,Identite,11,0,0,11,engagement faible
Tuesday,14:53,14h-17h,text+link ,Identite,11,0,0,11,engagement faible
Monday,9:34,9h-11h,text+link,Identite,5,0,0,5,pas d'engagement
Sunday,16:55,14h-17h,text+link,Identite,15,1,0,16,engagement faible
Saturday,18:19,17h-19h,text+photo ,Identite,18,2,0,20,engagement faible
Saturday,9:03,9h-11h,text+photo ,Identite,65,3,0,68,Engagement intermédiaire
Friday,19:24,Après 19h,text+link,Identite,15,1,0,16,engagement faible
Friday,12:19,11h-14h,text+link,Identite,9,0,0,9,pas d'engagement
Saturday,17:56,17h-19h,photo,Relation,2,0,0,2,pas d'engagement
Thursday,18:46,17h-19h,text+link,Identite,95,5,0,100,Engagement fort
Tuesday,20:15,Après 19h,text+link,Identite,7,1,0,8,pas d'engagement
Wednesday,9:29,9h-11h,text+link,Relation,230,17,94,341,Engagement très fort
Wednesday,3:54,Avant 9h,text+link,Information,227,45,30,302,Engagement très fort
Wednesday,9:35,9h-11h,text+link+photo,Information,99,4,27,130,Engagement fort
Friday,9:40,9h-11h,text+photo,Relation,304,22,26,352,Engagement très fort
Tuesday,12:22,11h-14h,text+link+photo,Information,359,25,13,397,Engagement très fort
Thursday,9:12,9h-11h,text+link,Administration,59,31,11,101,Engagement fort
Wednesday,11:45,11h-14h,text+link,Relation,98,4,10,112,Engagement fort
Tuesday,12:35,11h-14h,text+link+photo,Relation,101,4,9,114,Engagement fort
Thursday,12:04,11h-14h,text+link,Relation,86,13,9,108,Engagement fort
Friday,9:04,9h-11h,text+photo ,Identite,317,10,7,334,Engagement très fort
Wednesday,13:47,11h-14h,text+link+photo,Identite,78,9,6,93,Engagement fort
Wednesday,11:07,11h-14h,text+link+photo,Education,49,5,5,59,Engagement intermédiaire
Wednesday,13:55,11h-14h,text+link,Relation,213,55,5,273,Engagement très fort
Friday,14:46,14h-17h,text+photo,Identite,82,3,4,89,Engagement fort
Friday,12:27,11h-14h,text+link+photo,Administration,91,6,4,101,Engagement fort
Friday,2:37,Avant 9h,text+link+photo,Identite,62,6,4,72,Engagement intermédiaire
Thursday,12:05,11h-14h,text+link,Recherche,99,5,4,108,Engagement fort
Friday,13:22,11h-14h,text+photo,Identite,78,3,4,85,Engagement fort
Tuesday,16:37,14h-17h,text+link+photo,Relation,74,2,4,80,Engagement intermédiaire
Thursday,16:01,14h-17h,text+link,Relation,70,8,4,82,Engagement fort
Tuesday,11:22,11h-14h,text+link,Identite,84,12,3,99,Engagement fort
Friday,17:22,17h-19h,text+link,Identite,69,5,3,77,Engagement intermédiaire
Thursday,15:12,14h-17h,text+link+photo,Identite,117,2,3,122,Engagement fort
Thursday,10:12,9h-11h,text+link,Education,29,4,3,36,Engagement intermédiaire
Monday,13:24,11h-14h,text+link+photo,Identite,127,10,3,140,Engagement fort
Wednesday,1:36,Avant 9h,text+link,Education,37,2,3,42,Engagement intermédiaire
Thursday,13:34,11h-14h,text+link,Identite,66,4,3,73,Engagement intermédiaire
Thursday,14:42,14h-17h,text+link,Identite,40,4,2,46,Engagement intermédiaire
Tuesday,14:41,14h-17h,text+photo,Identite,36,2,2,40,Engagement intermédiaire
Wednesday,9:25,9h-11h,link,Identite,26,0,2,28,engagement faible
Friday,16:45,14h-17h,text+link,Administration,31,5,2,38,Engagement intermédiaire
Thursday,2:07,Avant 9h,text+link,Administration,30,3,2,35,Engagement intermédiaire
Wednesday,10:20,9h-11h,text+link,Information,49,9,2,60,Engagement intermédiaire
Friday,12:17,11h-14h,text+link+photo,Identite,116,8,2,126,Engagement fort
Wednesday,10:45,9h-11h,text+photo,Administration,25,2,2,29,engagement faible
Monday,12:18,11h-14h,text+link+photo,Identite,47,6,2,55,Engagement intermédiaire
Monday,8:23,Avant 9h,link,Relation,109,4,2,115,Engagement fort
Sunday,22:49,Après 19h,text+video,Relation,91,7,2,100,Engagement fort
Monday,16:10,14h-17h,text+link,Identite,54,3,1,58,Engagement intermédiaire
Monday,15:29,14h-17h,text+link,Identite,33,4,1,38,Engagement intermédiaire
Monday,12:01,11h-14h,text+link,Identite,18,3,1,22,engagement faible
Thursday,13:35,11h-14h,text+link,Identite,50,4,1,55,Engagement intermédiaire
Thursday,11:50,11h-14h,text+link,Identite,43,1,1,45,Engagement intermédiaire
Tuesday,14:37,14h-17h,text+photo,Identite,28,0,1,29,engagement faible
Monday,9:45,9h-11h,text+link,Information,42,4,1,47,Engagement intermédiaire
Monday,15:05,14h-17h,text+photo,Identite,41,4,1,46,Engagement intermédiaire
Monday,10:55,9h-11h,text+photo,Identite,47,1,1,49,Engagement intermédiaire
Friday,14:18,14h-17h,text+photo,Identite,79,5,1,85,Engagement fort
Thursday,11:28,11h-14h,text+link+photo,Information,36,3,1,40,Engagement intermédiaire
Tuesday,14:04,14h-17h,text+link,Identite,26,3,1,30,engagement faible
Friday,16:34,14h-17h,text+photo,Identite,44,3,1,48,Engagement intermédiaire
Wednesday,14:21,14h-17h,text+link+video,Identite,67,9,1,77,Engagement intermédiaire
Tuesday,12:50,11h-14h,text+link+photo,Identite,36,4,1,41,Engagement intermédiaire
Monday,15:11,14h-17h,text+link,Identite,27,6,1,34,Engagement intermédiaire
Friday,9:01,9h-11h,text+photo,Identite,45,0,1,46,Engagement intermédiaire
Monday,11:20,11h-14h,text+link+photo,Administration,26,6,1,33,Engagement intermédiaire
Wednesday,3:49,Avant 9h,text+link+photo,Identite,37,2,1,40,Engagement intermédiaire
Wednesday,22:35,Après 19h,text+link,Identite,74,17,1,92,Engagement fort
Friday,0:41,Avant 9h,text+photo,Identite,45,0,1,46,Engagement intermédiaire
Thursday,2:37,Avant 9h,text+link+photo,Information,69,10,1,80,Engagement intermédiaire
Wednesday,12:17,11h-14h,text+link+photo,Identite,100,6,1,107,Engagement fort
Wednesday,14:12,14h-17h,text+photo,Identite,23,3,1,27,engagement faible
Monday,12:47,11h-14h,text+link,Information,100,13,1,114,Engagement fort
Thursday,13:14,11h-14h,text+link+photo,Identite,52,3,1,56,Engagement intermédiaire
Tuesday,14:40,14h-17h,text+link,Identite,24,1,1,26,engagement faible
Tuesday,11:22,11h-14h,text+link+photo,Identite,88,5,1,94,Engagement fort
Thursday,8:10,Avant 9h,text+photo,Relation,348,48,1,397,Engagement très fort
Wednesday,13:34,11h-14h,text+link+photo,Identite,68,5,1,74,Engagement intermédiaire
Tuesday,9:31,9h-11h,link,Recherche,7,1,1,9,pas d'engagement
Thursday,13:35,11h-14h,text+link+photo,Relation,32,3,1,36,Engagement intermédiaire
Thursday,14:25,14h-17h,text+link,Relation,31,2,1,34,Engagement intermédiaire
Monday,11:17,11h-14h,text+link,Identite,14,3,0,17,engagement faible
Friday,15:11,14h-17h,text+link,Identite,23,0,0,23,engagement faible
Thursday,13:55,11h-14h,text+photo,Identite,10,2,0,12,engagement faible
Wednesday,13:35,11h-14h,text+link,Administration,25,11,0,36,Engagement intermédiaire
Tuesday,12:23,11h-14h,text+link,Identite,25,3,0,28,engagement faible
Monday,11:07,11h-14h,text+link,Information,73,10,0,83,Engagement fort
Wednesday,13:56,11h-14h,text+link+photo,Identite,169,9,0,178,Engagement fort
Wednesday,9:03,9h-11h,text+link,Identite,21,4,0,25,engagement faible
Wednesday,15:30,14h-17h,text+link,Recherche,17,2,0,19,engagement faible
Tuesday,13:42,11h-14h,text+link,Identite,15,5,0,20,engagement faible
Monday,17:00,14h-17h,text+link+photo,Identite,29,4,0,33,Engagement intermédiaire
Wednesday,10:46,9h-11h,text+photo,Identite,40,3,0,43,Engagement intermédiaire
Tuesday,14:48,14h-17h,text+link,Identite,16,1,0,17,engagement faible
Friday,12:19,11h-14h,text+link+photo,Administration,24,3,0,27,engagement faible
Monday,13:42,11h-14h,text+link+photo,Education,20,1,0,21,engagement faible
Wednesday,12:45,11h-14h,text+link+photo,Identite,66,8,0,74,Engagement intermédiaire
Monday,11:33,11h-14h,text+link+photo,Education,18,4,0,22,engagement faible
Friday,13:20,11h-14h,text+link+video,Identite,37,0,0,37,Engagement intermédiaire
Thursday,11:23,11h-14h,text+photo,Recherche,39,3,0,42,Engagement intermédiaire
Thursday,8:53,Avant 9h,text+link,Recherche,14,0,0,14,engagement faible
Wednesday,0:57,Avant 9h,text+link,Administration,9,2,0,11,engagement faible
Monday,13:50,11h-14h,text+link+photo,Identite,30,0,0,30,engagement faible
Thursday,13:13,11h-14h,text+link+photo,Identite,21,0,0,21,engagement faible
Thursday,12:04,11h-14h,text+link,Identite,20,2,0,22,engagement faible
Tuesday,12:13,11h-14h,text+link,Identite,19,0,0,19,engagement faible
Monday,14:09,14h-17h,text+link,Information,18,3,0,21,engagement faible
Thursday,10:38,9h-11h,text+link,Identite,17,1,0,18,engagement faible
Wednesday,14:50,14h-17h,text+link,Identite,25,1,0,26,engagement faible
Tuesday,12:10,11h-14h,text+photo,Identite,32,2,0,34,Engagement intermédiaire
Friday,15:10,14h-17h,text+link,Identite,21,4,0,25,engagement faible
Friday,14:36,14h-17h,text+link+photo,Identite,30,3,0,33,Engagement intermédiaire
Thursday,14:31,14h-17h,text+link,Identite,43,5,0,48,Engagement intermédiaire
Thursday,9:12,9h-11h,text+link+photo,Administration,671,6,0,677,Engagement très fort
Wednesday,11:52,11h-14h,text+link,Identite,23,3,0,26,engagement faible
Tuesday,11:07,11h-14h,text+link+photo,Administration,16,3,0,19,engagement faible
Monday,14:48,14h-17h,text+link,Identite,11,1,0,12,engagement faible
Monday,13:24,11h-14h,text+link+photo,Administration,9,6,0,15,engagement faible
Friday,15:18,14h-17h,text+link,Identite,25,7,0,32,Engagement intermédiaire
Friday,12:59,11h-14h,text+link+photo,Identite,62,8,0,70,Engagement intermédiaire
Wednesday,14:28,14h-17h,text+link,Identite,36,1,0,37,Engagement intermédiaire
Tuesday,11:34,11h-14h,text+link,Identite,49,9,0,58,Engagement intermédiaire
Monday,9:56,9h-11h,text+link,Relation,95,17,0,112,Engagement fort
Thursday,13:56,11h-14h,text+link,Relation,36,3,0,39,Engagement intermédiaire
Tuesday,13:11,11h-14h,text+link,Relation,32,4,0,36,Engagement intermédiaire
